document_id,original_sentence_id,original_text,simplified_text
ES_006,0,¿Con qué profesionales debo contactar?,¿Con qué profesionales debes contactar?
ES_006,1,"Abogados o letrados

Los abogados o letrados son aquellos profesionales encargados de la defensa y dirección de las partes en los procedimientos judiciales y administrativos, asumiendo también con carácter amplio labores de asesoramiento y consejo jurídico en el ámbito extrajudicial para evitar conflictos.","Debes contactar con abogados o letrados.
Los abogados o letrados son los profesionales encargados
de defender y dirigir los procesos judiciales y administrativos.
Ellos también pueden asesorarte, orientarte
y dar consejos para evitar conflictos
fuera del proceso judicial."
ES_006,2,"Su intervención en la Administración Justicia, actuando ante los Juzgados y Tribunales, es esencial para el correcto desarrollo de los procedimientos al asesorar a los ciudadanos e intervinientes sobre los distintos trámites procesales, garantizando así su derecho a la defensa y asistencia Letrada que consagra el artículo 24 de la Constitución.","La función de los abogados y letrados es esencial
para que los procesos judiciales y administrativos en juzgados y tribunales
sean correctos.
Ellos ayudan a los ciudadanos a realizar trámites
y aseguran que los ciudadanos puedan defenderse
y tener apoyo legal en un juicio.
Este derecho está en el artículo 24 de la Constitución española.
La Constitución es la ley principal y más importante de un Estado.
Explica la organización del Estado y establece los derechos y deberes de la ciudadanía."
ES_006,3,En España los abogados han de ser licenciados en Derecho y estar inscritos en el correspondiente Colegio Profesional.,"Los abogados deben ser licenciados en Derecho
y estar inscritos en un colegio profesional.
Un colegio profesional es un registro público
en el que los profesionales se pueden inscribir."
